Location_Name,Location_Type,Blk_No,Address,Postal_Code,Full_Address,Long,Lat
Admiralty MRT,MRT,70,Woodlands Avenue 7,738344,70 Woodlands Avenue 7 S 738344,,
Aljunied MRT ,MRT ,81,Lorong 25 Geylang ,388310,81 Lorong 25 Geylang  S 388310,,
Ang Mo Kio MRT ,MRT ,2450,Ang Mo Kio Avenue 8 ,569811,2450 Ang Mo Kio Avenue 8  S 569811,,
Bartley  MRT ,MRT ,90,Bartley Road ,539788,90 Bartley Road  S 539788,,
Bayfront MRT ,MRT,11,Bayfront Avenue ,18957,11 Bayfront Avenue  S 018957,,
Beauty World MRT,MRT ,101,Upper Bukit Timah Road,588216,101 Upper Bukit Timah Road S 588216,,
Bedok MRT,MRT ,315,New Upper Changi Road,467347,315 New Upper Changi Road S 467347,,
Bedok North MRT,MRT ,651,Bedok North Road ,479481,651 Bedok North Road  S 479481,,
Bedok Reservoir MRT,MRT,371,Bedok North Avenue 3,469724,371 Bedok North Avenue 3 S 469724,,
Bencoolen MRT,MRT ,31,Bencoolen Street,189658,31 Bencoolen Street S 189658,,
Bendemeer MRT,MRT ,11,Kallang Bahru,339356,11 Kallang Bahru S 339356,,
Bishan MRT,MRT ,200,Bishan Road,579827,200 Bishan Road S 579827,,
Boon Lay MRT,MRT,301,Boon Lay Way,649846,301 Boon Lay Way S 649846,,
Botanic Gardens MRT,MRT ,100,Cluny Park Road,257494,100 Cluny Park Road S 257494,,
Braddell MRT,MRT ,377,Lorong 1 Toa Payoh,319756,377 Lorong 1 Toa Payoh S 319756,,
Bras Basah MRT,MRT ,65,Bras Basah Road,189561,65 Bras Basah Road S 189561,,
Bright Hill MRT,MRT,100,Sin Ming Avenue,575737,100 Sin Ming Avenue S 575737,,
Buangkok MRT,MRT ,10,Sengkang Central,545061,10 Sengkang Central S 545061,,
Bugis MRT,MRT ,320,Victoria Street,188045,320 Victoria Street S 188045,,
Bukit Batok MRT,MRT ,10,Bukit Batok Central,659958,10 Bukit Batok Central S 659958,,
Bukit Gombak MRT,MRT ,802,Bukit Batok West Avenue 5,659083,802 Bukit Batok West Avenue 5 S 659083,,
Bukit Panjang MRT,MRT ,950,Upper Bukit Timah Road,678213,950 Upper Bukit Timah Road S 678213,,
Bouna Vista MRT,MRT ,100,North Bouna Vista Road,139345,100 North Bouna Vista Road S 139345,,
Caldecott MRT,MRT ,38,Toa Payoh Rise,298113,38 Toa Payoh Rise S 298113,,
Canberra MRT,MRT ,11,Canberra Link,756972,11 Canberra Link S 756972,,
Cashew MRT,MRT ,1,Cashew Road,679696,1 Cashew Road S 679696,,
Changi Airport MRT,MRT ,70,Airport Boulevard,819661,70 Airport Boulevard S 819661,,
Chinatown MRT,MRT ,151,New Bridge Road,59443,151 New Bridge Road S 059443,,
Chinese Garden MRT,MRT ,151,Boon Lay Way,609959,151 Boon Lay Way S 609959,,
Choa Chu Kang MRT,MRT ,10,Choa Chu Kang Avenue 4,689810,10 Choa Chu Kang Avenue 4 S 689810,,
City Hall MRT,MRT ,150,North Bridge Road,179100,150 North Bridge Road S 179100,,
Clarke Quay MRT,MRT ,10,Eu Tong Sen Street,59815,10 Eu Tong Sen Street S 059815,,
Clementi MRT,MRT ,3150,Commonwealth Avenue West,129580,3150 Commonwealth Avenue West S 129580,,
Commonwealth MRT,MRT ,375,Commonwealth Avenue,149735,375 Commonwealth Avenue S 149735,,
Dakota MRT,MRT ,201,Old Airport Road,397973,201 Old Airport Road S 397973,,
Dhoby Ghaut MRT,MRT ,11,Orchard Road,238826,11 Orchard Road S 238826,,
Dover MRT,MRT ,200,Commonwealth Avenue West,138677,200 Commonwealth Avenue West S 138677,,
Downtown MRT,MRT ,15,Central Boulevard,18969,15 Central Boulevard S 018969,,
Esplande MRT,MRT ,90,Bras Basah Road,189562,90 Bras Basah Road S 189562,,
Eunos MRT,MRT ,30,Eunos Cresent,409423,30 Eunos Cresent S 409423,,
Expo MRT,MRT ,21,Changi South Avenue 1,486065,21 Changi South Avenue 1 S 486065,,
Farrer Park MRT ,MRT ,250,Race Course Road,218703,250 Race Course Road S 218703,,
Farrer Road MRT,MRT ,71,Farrer Road,261006,71 Farrer Road S 261006,,
Fort Canning MRT,MRT ,170,River Valley Road,179038,170 River Valley Road S 179038,,
Gardens By The Bay MRT,MRT ,11,Marina Mall,19396,11 Marina Mall S 019396,,
Geylang Bahru MRT,MRT ,541,Kallang Bahru,339355,541 Kallang Bahru S 339355,,
Great World MRT,MRT ,351,River Valley Road,238384,351 River Valley Road S 238384,,
Gul Circle MRT,MRT ,7A,Tuas Road,637288,7A Tuas Road S 637288,,
HarbourFont MRT,MRT ,81,Telok Blangah Road,98867,81 Telok Blangah Road S 098867,,
Havelock MRT,MRT ,110,Zion Road,168604,110 Zion Road S 168604,,
Haw Par Villa MRT,MRT ,270,Pasir Panjang Road,117396,270 Pasir Panjang Road S 117396,,
Hillview MRT,MRT ,510,Upper Bukit Timah Road,678211,510 Upper Bukit Timah Road S 678211,,
Holland Village MRT,MRT ,200,Holland Avenue,278995,200 Holland Avenue S 278995,,
Hougang MRT,MRT ,80,Hougang Central,538758,80 Hougang Central S 538758,,
Jalan Besar MRT,MRT ,90,Jalan Besar,208826,90 Jalan Besar S 208826,,
Joo Koon MRT,MRT ,91,Joo Koon Circle,629116,91 Joo Koon Circle S 629116,,
Jurong East MRT,MRT ,10,Jurong East Street 12,609690,10 Jurong East Street 12 S 609690,,
Kaki Bukit MRT,MRT ,30,Kaki Bukit Avenue 1,415804,30 Kaki Bukit Avenue 1 S 415804,,
Kallang MRT,MRT ,5,Sim Avenue,387405,5 Sim Avenue S 387405,,
Kembangan MRT,MRT ,55,Sims Avenue East,416551,55 Sims Avenue East S 416551,,
Kent Ridge MRT,MRT ,301,South Bouna Vista Road,118177,301 South Bouna Vista Road S 118177,,
Khatib MRT,MRT ,201,Yishun Avenue 2,769092,201 Yishun Avenue 2 S 769092,,
King Albert Park MRT,MRT ,2,Blackmore Drive,599987,2 Blackmore Drive S 599987,,
Kovan MRT,MRT ,900,Upper Serangoon Road,534799,900 Upper Serangoon Road S 534799,,
Kranji MRT,MRT ,960,Woodlands Road,738702,960 Woodlands Road S 738702,,
Lakeside MRT,MRT ,201,Boon Lay Way ,649845,201 Boon Lay Way  S 649845,,
Labrador Park MRT,MRT ,701,Telok Blangah Road,109029,701 Telok Blangah Road S 109029,,
Lavender MRT,MRT ,50,Kallang Road,208699,50 Kallang Road S 208699,,
Lentor MRT,MRT ,1,Lentor Drive,789361,1 Lentor Drive S 789361,,
Little India MRT,MRT ,60,Bukit Timah Road,229900,60 Bukit Timah Road S 229900,,
Lorong Chuan MRT,MRT ,150,Serangoon Avenue 3,554533,150 Serangoon Avenue 3 S 554533,,
MacPherson MRT,MRT ,171,Paya Lebar Road,409048,171 Paya Lebar Road S 409048,,
Marina Bay MRT,MRT ,21,Park Street,18925,21 Park Street S 018925,,
Marina South MRT,MRT ,61,Marina Mall,19397,61 Marina Mall S 019397,,
Marina South Pier MRT,MRT ,33,Marina Coastal Drive,18948,33 Marina Coastal Drive S 018948,,
Marsiling MRT,MRT ,71,Woodlands Avenue 3,739044,71 Woodlands Avenue 3 S 739044,,
Marymount MRT,MRT ,60,Marymount Road,573993,60 Marymount Road S 573993,,
Mattar MRT,MRT ,60,Merpati Road,379314,60 Merpati Road S 379314,,
Maxwell MRT,MRT ,50,Neil Road,88906,50 Neil Road S 088906,,
Mayflower MRT,MRT ,91,Ang Mo Kio Avenue 4,569900,91 Ang Mo Kio Avenue 4 S 569900,,
Mountbatten MRT,MRT ,301,Mountbatten Road,398006,301 Mountbatten Road S 398006,,
Napier MRT,MRT ,2,Napier Road,258511,2 Napier Road S 258511,,
Newton MRT,MRT ,49,Scotts Road,228234,49 Scotts Road S 228234,,
Nicoll Highway MRT,MRT ,20,Republic Avenue,38970,20 Republic Avenue S 038970,,
Novena MRT,MRT ,250,Thomson Road,307642,250 Thomson Road S 307642,,
One-North MRT,MRT ,9,Ayer Rajah Avenue,138647,9 Ayer Rajah Avenue S 138647,,
Orchard MRT,MRT ,437,Orchard Road,238878,437 Orchard Road S 238878,,
Orchard Boulevard MRT,MRT ,20,Orchard Boulevard,248654,20 Orchard Boulevard S 248654,,
Outram MRT,MRT ,10,Outram Road,169037,10 Outram Road S 169037,,
Pasir Panjang MRT,MRT ,119,Pasir Panjang Road,117424,119 Pasir Panjang Road S 117424,,
Pasir Ris MRT,MRT ,10,Pasir Ris Central,519634,10 Pasir Ris Central S 519634,,
Paya Lebar MRT,MRT ,30,Paya Lebar Road,409006,30 Paya Lebar Road S 409006,,
Pioneer MRT,MRT ,31,Jurong West Street 63,648310,31 Jurong West Street 63 S 648310,,
Potong Pasir MRT,MRT ,55,Upper Serangoon Road ,347694,55 Upper Serangoon Road  S 347694,,
Promenade MRT,MRT ,2,Temasek Avenue,39193,2 Temasek Avenue S 039193,,
Punggol MRT,MRT ,70,Punggol Central,828868,70 Punggol Central S 828868,,
Queenstown MRT,MRT,301,Commonwealth Avenue,149729,301 Commonwealth Avenue S 149729,,
Raffles Place MRT,MRT ,5,Raffles Place,48618,5 Raffles Place S 048618,,
Redhill MRT,MRT ,920,Tiong Bahru Road,158792,920 Tiong Bahru Road S 158792,,
Riviera MRT,MRT ,40,Punggol East ,828852,40 Punggol East  S 828852,,
Rochor MRT,MRT ,11,Rochor Canal Road ,188505,11 Rochor Canal Road  S 188505,,
Sembawang MRT,MRT ,11,Canberra Road,759775,11 Canberra Road S 759775,,
Sengkang MRT,MRT ,5,Sengkang Square,545062,5 Sengkang Square S 545062,,
Serangoon MRT,MRT ,600,Upper Serangoon Road,534801,600 Upper Serangoon Road S 534801,,
Shenton Way MRT,MRT ,2,Park Street,18928,2 Park Street S 018928,,
Simei MRT,MRT ,30,Simei Street 3,529888,30 Simei Street 3 S 529888,,
Sixth Avenue MRT,MRT ,777,Bukit Timah Road,269784,777 Bukit Timah Road S 269784,,
Somerset MRT,MRT ,1,Somerset Road,238162,1 Somerset Road S 238162,,
Springleaf MRT,MRT ,825,Upper Thomson Road,787140,825 Upper Thomson Road S 787140,,
Stadium MRT,MRT ,3,Stadium Walk,397692,3 Stadium Walk S 397692,,
Stevens MRT,MRT ,92,Stevens Road,257877,92 Stevens Road S 257877,,
Tai Seng MRT,MRT ,33,Upper Paya Lebar Road,534803,33 Upper Paya Lebar Road S 534803,,
Tampines MRT,MRT ,20,Tampines Central 1,529538,20 Tampines Central 1 S 529538,,
Tampines East MRT,MRT ,20,Tampines Avenus 7,529623,20 Tampines Avenus 7 S 529623,,
Tampines West MRT,MRT ,2,Tampines Avenue 4,529683,2 Tampines Avenue 4 S 529683,,
Tan Kah Kee MRT,MRT ,651,Bukit Timah Road,266268,651 Bukit Timah Road S 266268,,
Tanah Merah MRT,MRT ,920,New Upper Changi Road,467356,920 New Upper Changi Road S 467356,,
Tanjong Katong MRT,MRT ,2,Amber Road,439846,2 Amber Road S 439846,,
Tanjong Pagar MRT,MRT ,120,Maxwell Road,69119,120 Maxwell Road S 069119,,
Telok Ayer MRT,MRT ,7,Cross Street,48416,7 Cross Street S 048416,,
Telok Blangah MRT,MRT ,463,Telok Blangah Road,109028,463 Telok Blangah Road S 109028,,
Tiong Bahru MRT,MRT ,300,Tiong Bahru Road,109028,300 Tiong Bahru Road S 109028,,
Toa Payoh MRT,MRT ,510,Lorong 6 Toa Payoh,319398,510 Lorong 6 Toa Payoh S 319398,,
Tuas Crescent MRT,MRT ,90,Pioneer Road,639608,90 Pioneer Road S 639608,,
Tuas Link MRT,MRT ,20,Tuas West Drive,638418,20 Tuas West Drive S 638418,,
Tuas West Road MRT,MRT ,131,Pioneer Road,639609,131 Pioneer Road S 639609,,
Ubi MRT,MRT ,51,Ubi Avenue 2,408899,51 Ubi Avenue 2 S 408899,,
Upper Changi MRT,MRT ,690,Upper Changi Road,485990,690 Upper Changi Road S 485990,,
Upper Thomson MRT,MRT ,1,Jalan Keli,577937,1 Jalan Keli S 577937,,
Woodlands MRT,MRT,30,Woodlands Avenue 2,738343,30 Woodlands Avenue 2 S 738343,,
Woodlands North MRT,MRT,20,Woodlands North Coast Road,737668,20 Woodlands North Coast Road S 737668,,
Woodlands South MRT,MRT,30,Woodlands Drive 17,737741,30 Woodlands Drive 17 S 737741,,
Woodleigh MRT,MRT,400,Upper Serangoogn Road,347695,400 Upper Serangoogn Road S 347695,,
Yew Tee MRT,MRT,61,Choa Chu Kang Drive,689715,61 Choa Chu Kang Drive S 689715,,
Yio Chu Kang MRT,MRT,3000,Ang Mo Kio Avenue 8 ,569813,3000 Ang Mo Kio Avenue 8  S 569813,,
Yishun MRT,MRT,301,Yishun Avenue 2,769093,301 Yishun Avenue 2 S 769093,,
Bedok South MRT,MRT,193,Kew Cres,466128,193 Kew Cres S 466128,,
Bukit Batok West MRT,MRT,70,Airport Blvd,819661,70 Airport Blvd S 819661,,
